step,Class_0_Nonparametric_Skewness,Class_1_Nonparametric_Skewness,Class_2_Nonparametric_Skewness,Class_3_Nonparametric_Skewness,Class_4_Nonparametric_Skewness,Class_5_Nonparametric_Skewness,Class_6_Nonparametric_Skewness,Class_7_Nonparametric_Skewness,Class_8_Nonparametric_Skewness,Class_9_Nonparametric_Skewness,Class_10_Nonparametric_Skewness,Class_11_Nonparametric_Skewness,Class_12_Nonparametric_Skewness,Class_13_Nonparametric_Skewness,Class_14_Nonparametric_Skewness,Class_0_Nonparametric_Skewness_Std,Class_1_Nonparametric_Skewness_Std,Class_2_Nonparametric_Skewness_Std,Class_3_Nonparametric_Skewness_Std,Class_4_Nonparametric_Skewness_Std,Class_5_Nonparametric_Skewness_Std,Class_6_Nonparametric_Skewness_Std,Class_7_Nonparametric_Skewness_Std,Class_8_Nonparametric_Skewness_Std,Class_9_Nonparametric_Skewness_Std,Class_10_Nonparametric_Skewness_Std,Class_11_Nonparametric_Skewness_Std,Class_12_Nonparametric_Skewness_Std,Class_13_Nonparametric_Skewness_Std,Class_14_Nonparametric_Skewness_Std,Class_0_Geo_Skewness,Class_1_Geo_Skewness,Class_2_Geo_Skewness,Class_3_Geo_Skewness,Class_4_Geo_Skewness,Class_5_Geo_Skewness,Class_6_Geo_Skewness,Class_7_Geo_Skewness,Class_8_Geo_Skewness,Class_9_Geo_Skewness,Class_10_Geo_Skewness,Class_11_Geo_Skewness,Class_12_Geo_Skewness,Class_13_Geo_Skewness,Class_14_Geo_Skewness,Class_0_Geo_Skewness_Std,Class_1_Geo_Skewness_Std,Class_2_Geo_Skewness_Std,Class_3_Geo_Skewness_Std,Class_4_Geo_Skewness_Std,Class_5_Geo_Skewness_Std,Class_6_Geo_Skewness_Std,Class_7_Geo_Skewness_Std,Class_8_Geo_Skewness_Std,Class_9_Geo_Skewness_Std,Class_10_Geo_Skewness_Std,Class_11_Geo_Skewness_Std,Class_12_Geo_Skewness_Std,Class_13_Geo_Skewness_Std,Class_14_Geo_Skewness_Std,Class_0_Mean_Kurtosis,Class_1_Mean_Kurtosis,Class_2_Mean_Kurtosis,Class_3_Mean_Kurtosis,Class_4_Mean_Kurtosis,Class_5_Mean_Kurtosis,Class_6_Mean_Kurtosis,Class_7_Mean_Kurtosis,Class_8_Mean_Kurtosis,Class_9_Mean_Kurtosis,Class_10_Mean_Kurtosis,Class_11_Mean_Kurtosis,Class_12_Mean_Kurtosis,Class_13_Mean_Kurtosis,Class_14_Mean_Kurtosis
0,-0.0007138113141991198,-6.491616659332067e-05,-0.0009362536366097629,0.007153533864766359,-0.0004649384063668549,0.00019678601529449224,0.01572634093463421,0.01725432276725769,0.001336984452791512,0.002626069588586688,0.021763717755675316,0.033014167100191116,0.0014552692882716656,-0.00010274435044266284,0.16312342882156372,0.057780493050813675,0.05607593432068825,0.06488301604986191,0.0652436688542366,0.07127779722213745,0.07448448240756989,0.0937105342745781,0.0904109999537468,0.09804937988519669,0.10825373232364655,0.10154683887958527,0.1284647285938263,0.12695270776748657,0.14499501883983612,0.29788243770599365,0.00012247487029526383,0.0001531688467366621,6.29672285867855e-05,0.00022107141558080912,0.00010863522766157985,0.00016414998390246183,-3.682573515106924e-05,6.756899529136717e-05,9.144406794803217e-05,0.00020187564950902015,8.122298459056765e-05,-2.329377457499504e-05,-2.4517939323231985e-07,0.0002819957444444299,-1.1898212051164592e-06,0.012494073249399662,0.013800078071653843,0.010096277110278606,0.01550558302551508,0.012626737356185913,0.014036989770829678,0.010481787845492363,0.01628674939274788,0.017719324678182602,0.026007719337940216,0.015645701438188553,0.026668593287467957,0.01632600463926792,0.022425351664423943,0.00026673515094444156,-2.3391273021698,-2.31131649017334,-2.3466603755950928,-2.3403165340423584,-2.339226484298706,-2.3745386600494385,-2.391779661178589,-2.359302282333374,-2.4007408618927,-2.443427562713623,-2.4035251140594482,-2.4508438110351562,-2.4904675483703613,-2.5347907543182373,-2.769348382949829
1,0.011913435533642769,0.0013716502580791712,0.007483480032533407,0.002221806673333049,0.002635577227920294,0.029209496453404427,-0.0029014882165938616,0.007315424270927906,0.00026424595853313804,-0.007110989186912775,-0.0002867126604542136,-0.006285146810114384,-0.0031620007939636707,0.0016524549573659897,-0.0009730015299282968,0.27650701999664307,0.3288331627845764,0.2958485782146454,0.2911345958709717,0.2999393939971924,0.3111477792263031,0.3025543689727783,0.35329318046569824,0.31749317049980164,0.33738619089126587,0.337884783744812,0.3683534860610962,0.34433266520500183,0.3637078106403351,0.5437397956848145,-0.0004953957395628095,6.337103695841506e-05,-0.0001820300822146237,9.123069321503863e-05,-5.196699203224853e-05,0.00020456551283132285,-0.00010670043411664665,0.00010449050751049072,0.00020716969447676092,0.0005183018511161208,0.00015678178169764578,-5.9555459301918745e-05,0.0008997874683700502,0.0004616160877048969,-0.0003556697629392147,0.033335935324430466,0.028719468042254448,0.026241417974233627,0.021916871890425682,0.018710311502218246,0.0209568589925766,0.014016437344253063,0.02828637696802616,0.02348705567419529,0.038194138556718826,0.026015883311629295,0.03609345108270645,0.04816216230392456,0.03963653743267059,0.24097932875156403,4.128198623657227,5.814515590667725,5.0388665199279785,4.629127025604248,2.601270914077759,4.777713775634766,1.9153974056243896,2.237224817276001,1.6642138957977295,1.193732500076294,1.9226715564727783,1.3076233863830566,1.717254638671875,0.5278826951980591,-1.5168362855911255
2,0.028925636783242226,0.03115599788725376,0.0030009925831109285,8.672827243572101e-05,0.04224490374326706,0.05399366468191147,-0.0016009836690500379,-0.00016900546324905008,-0.00022479947074316442,-0.0015224916860461235,0.09692563861608505,-0.0017487927107140422,0.002282703761011362,0.31124916672706604,,0.137070894241333,0.1348312944173813,0.1453164964914322,0.13941730558872223,0.14794091880321503,0.1714104562997818,0.17074821889400482,0.176938995718956,0.20531390607357025,0.24734188616275787,0.20629774034023285,0.2615962326526642,0.25876906514167786,0.3115594685077667,,-0.000251146440859884,8.164785685949028e-05,0.000710651685949415,-0.0003330316685605794,-0.0005180031876079738,0.0005455546197481453,-0.00012854905799031258,0.00012587812670972198,0.0005820529186166823,-0.00046840778668411076,-3.9925635064719245e-05,0.0002380924706812948,-9.68879830907099e-05,0.0004947708221152425,,0.05769297853112221,0.049899693578481674,0.060740433633327484,0.044291310012340546,0.04057475924491882,0.036550890654325485,0.016280468553304672,0.04184114560484886,0.047243352979421616,0.14465516805648804,0.035753827542066574,0.05802582576870918,0.04460419714450836,0.04826467111706734,,1.7968401908874512,1.3234715461730957,3.9264748096466064,0.9818992614746094,0.6736562252044678,0.9366979002952576,0.311305969953537,0.44145986437797546,0.35627707839012146,0.44500404596328735,-0.1482519954442978,-0.5479335784912109,-0.574093222618103,-1.1808691024780273,
3,0.003199055790901184,0.015331738628447056,0.01497580949217081,0.000687492429278791,0.0004572987963911146,0.0256508719176054,-0.0012398961698636413,0.03327537700533867,0.042192984372377396,0.04151732474565506,0.04880562052130699,-0.00011356530012562871,0.0004704609455075115,0.0025744286831468344,0.7063866853713989,0.13313598930835724,0.13173072040081024,0.13940134644508362,0.13163499534130096,0.13751167058944702,0.15645723044872284,0.15887770056724548,0.16267316043376923,0.1825087070465088,0.19492241740226746,0.18552760779857635,0.2617616355419159,0.24581380188465118,0.2731190025806427,0.008571996353566647,0.0001680554705671966,8.781129872659221e-05,-3.837701297015883e-05,-0.00039123641909100115,-0.0006467497441917658,0.00040931435069069266,-0.0001221828570123762,-2.061026134470012e-05,0.00045044589205645025,4.6180688514141366e-05,7.13072222424671e-05,0.0002776499604806304,-0.00030435234657488763,-0.00021003885194659233,0.0,0.0675826221704483,0.0685635507106781,0.06649329513311386,0.04837334156036377,0.04529666155576706,0.03783852979540825,0.014848535880446434,0.045183129608631134,0.03848676010966301,0.0824064090847969,0.03600633144378662,0.056625887751579285,0.04472221061587334,0.07884196937084198,0.0,3.187878131866455,2.5636801719665527,5.226653099060059,3.223641872406006,1.5808733701705933,1.6838922500610352,0.8433352708816528,0.9622859954833984,1.0883289575576782,2.4833340644836426,0.26989662647247314,-0.2828294038772583,-0.3002701997756958,-0.4696274995803833,-2.004626750946045
4,0.0018181336345151067,0.0008181165903806686,0.023035725578665733,0.03472733125090599,0.03526793792843819,0.05556020885705948,-0.00014041400572750717,0.06563864648342133,0.05788024514913559,0.08800932765007019,0.002394460141658783,0.0005813274183310568,0.0003997459134552628,0.004612684715539217,,0.17843131721019745,0.1815858781337738,0.18780581653118134,0.15818282961845398,0.15896211564540863,0.1892831027507782,0.189860001206398,0.19288277626037598,0.18960346281528473,0.2197611778974533,0.24816061556339264,0.2640373408794403,0.29760947823524475,0.30104804039001465,,0.00019280717242509127,0.00046293900231830776,0.00024875864619389176,-0.0004888872499577701,-0.0010266727767884731,0.0003810604684986174,-3.3162777981488034e-05,-0.00012972923286724836,0.00035551137989386916,0.0008392959134653211,0.001207563211210072,0.00010815908899530768,0.00036080583231523633,0.000522571848705411,,0.13168823719024658,0.15064631402492523,0.14413566887378693,0.08503396064043045,0.08722607046365738,0.05508120357990265,0.03392915427684784,0.05325784534215927,0.030781105160713196,0.04201946407556534,0.11982590705156326,0.03377782925963402,0.05761393904685974,0.07153680920600891,,4.1661505699157715,6.3100152015686035,4.218136787414551,1.5725346803665161,1.6622523069381714,1.169602870941162,0.6757744550704956,0.5793493390083313,0.667194664478302,0.22009047865867615,0.38322165608406067,-0.4309690296649933,-0.8663238883018494,-0.87556391954422,
5,0.008406114764511585,0.006809358950704336,0.0018478319980204105,6.954494892852381e-05,0.01753479614853859,0.027496639639139175,-0.0009590020054019988,-0.0004384621570352465,0.00037897637230344117,0.04322362318634987,0.05150582641363144,0.0002155610709451139,0.08857051283121109,0.003879337105900049,nan,0.18079893290996552,0.19381803274154663,0.18781456351280212,0.1538418084383011,0.15808291733264923,0.17519910633563995,0.17850108444690704,0.17733345925807953,0.1865219622850418,0.20787183940410614,0.21213500201702118,0.25580498576164246,0.2615218162536621,0.28104931116104126,nan,0.0005751623539254069,0.0007952593150548637,-3.640473005361855e-05,-0.000534326652996242,-0.0010280996793881059,0.00018299974908586591,-0.0001562696270411834,-0.0005239495076239109,0.00038552493788301945,0.0006968926172703505,0.0006971998955123127,0.0002663489431142807,9.015241084853187e-05,0.0002723333309404552,nan,0.14747732877731323,0.16986049711704254,0.14817239344120026,0.09903080761432648,0.09794265031814575,0.05550028383731842,0.036239251494407654,0.05695516616106033,0.02819749154150486,0.044404286891222,0.06981349736452103,0.049899857491254807,0.05063267797231674,0.06015108525753021,nan,9.682168960571289,8.86990737915039,6.379281044006348,3.463402509689331,2.122265577316284,1.909112572669983,1.178843379020691,1.8875439167022705,0.7710181474685669,1.760024070739746,1.8950392007827759,-0.15371878445148468,0.14534588158130646,-0.2224457710981369,-3.000000238418579
6,0.007961609400808811,0.0009052827372215688,0.00033794791670516133,-0.0005882125115022063,0.025453563779592514,0.043343912810087204,-0.0013284549349918962,-0.0014938703970983624,-0.0015484876930713654,0.07723746448755264,0.07315683364868164,-0.0015690374420955777,-0.0005638785078190267,0.0010034387232735753,nan,0.2115856260061264,0.21549324691295624,0.23115889728069305,0.1954866498708725,0.18220923840999603,0.18947839736938477,0.19870121777057648,0.20269963145256042,0.19173598289489746,0.23422646522521973,0.20769712328910828,0.2681569755077362,0.3028849959373474,0.3026919662952423,nan,0.000987422768957913,0.0006572705460712314,-0.0004972831229679286,-0.00022870888642501086,-0.0016978501807898283,-0.0002708617248572409,-0.0005466373986564577,-0.00069766043452546,0.00020518834935501218,0.0003698937071021646,-1.5593010402881191e-06,0.00020030250016134232,-0.0009075870621018112,0.0004352920805104077,nan,0.1980874091386795,0.19911611080169678,0.21366743743419647,0.16887037456035614,0.13052241504192352,0.07676053047180176,0.06082795932888985,0.08717529475688934,0.03484209626913071,0.02673465758562088,0.039478495717048645,0.048402175307273865,0.07793109118938446,0.0723256841301918,nan,10.774499893188477,12.531726837158203,5.739573955535889,3.796318769454956,3.17910099029541,2.329853057861328,1.3729732036590576,1.0289667844772339,1.074743628501892,0.7410442233085632,0.7172341346740723,-0.4481978416442871,-0.8655925989151001,-0.9403424859046936,-3.000000238418579
7,0.004079138860106468,0.003873286070302129,-0.0002296294696861878,0.00018390554760117084,0.00012986609362997115,0.0001540516095701605,0.026427701115608215,0.03481341898441315,0.027212245389819145,-0.002234100829809904,0.04401753097772598,0.07664674520492554,0.0014651613309979439,0.09920338541269302,0.703628659248352,0.20584546029567719,0.20024026930332184,0.21915975213050842,0.1992626190185547,0.18604563176631927,0.1780269891023636,0.18706487119197845,0.19147777557373047,0.1881776750087738,0.22665853798389435,0.2056371420621872,0.2520667314529419,0.27161428332328796,0.2773211896419525,0.020816033706068993,0.0010084235109388828,0.0011799102649092674,-0.0008981506689451635,0.0002647787914611399,-0.0015776540385559201,-0.0001423471694579348,-0.0004510210419539362,-0.0005608774954453111,0.00022142271336633712,0.0003478489234112203,-0.0002344694221392274,0.00012636851170100272,-0.0009624508675187826,0.0005564758321270347,-9.019804991794445e-08,0.19613289833068848,0.18993856012821198,0.20490236580371857,0.1792585700750351,0.14104695618152618,0.07157181948423386,0.061394862830638885,0.07624192535877228,0.029332753270864487,0.027311304584145546,0.0395049974322319,0.03926043212413788,0.07400083541870117,0.06738502532243729,3.85800885851495e-05,13.599876403808594,17.567928314208984,9.16248607635498,6.285591125488281,4.113377094268799,3.52182936668396,2.133204936981201,1.4086405038833618,1.339178204536438,1.3516840934753418,1.146288514137268,0.002332065487280488,-0.10209949314594269,-0.09095590561628342,-2.020817995071411
8,0.0032638225238770247,0.0011260508326813579,0.000371506524970755,0.014669135212898254,0.001451465766876936,0.0003184257948305458,-0.0012160870246589184,0.001044622389599681,-0.0029365343507379293,0.12904521822929382,0.0011952570639550686,0.12839171290397644,0.3002329170703888,0.28864172101020813,0.7066501379013062,0.21008731424808502,0.2008209526538849,0.24030134081840515,0.23254619538784027,0.21897143125534058,0.19203267991542816,0.20053091645240784,0.2096865177154541,0.2012411206960678,0.2707079350948334,0.21513652801513672,0.2618728280067444,0.3195519745349884,0.32532769441604614,0.005609989631921053,0.0002733189903665334,0.0008471982437185943,-1.8834911315934733e-05,0.000609147478826344,-0.0001412552664987743,-9.40771569730714e-05,-0.0007613565539941192,-0.0008458009688183665,0.0004914950695820153,0.00029283840558491647,-0.00034774531377479434,-1.287267696170602e-05,5.8420904679223895e-05,-0.00038192590000107884,0.0,0.2034246027469635,0.1947440803050995,0.23524190485477448,0.21965163946151733,0.18960514664649963,0.08694474399089813,0.08954379707574844,0.10719470679759979,0.04140327125787735,0.04611216112971306,0.06729242205619812,0.04495831951498985,0.058255553245544434,0.059105467051267624,0.0,14.624128341674805,17.280338287353516,6.694087505340576,5.662058353424072,4.293552875518799,2.661571741104126,1.8336557149887085,1.2360211610794067,1.1099553108215332,-0.15338823199272156,0.5493377447128296,-0.1772110015153885,-1.159271001815796,-1.139267086982727,-2.003091335296631
9,0.0017511826008558273,0.0018127030925825238,0.0004652289499063045,0.000294183031655848,0.001563563128001988,0.018116025254130363,0.021218815818428993,0.0004839090979658067,0.024176357313990593,-0.0011508460156619549,0.04304630309343338,-0.0005638898001052439,0.1115243062376976,-0.0006427332991734147,-0.00044264813186600804,0.19974936544895172,0.1859225034713745,0.23717787861824036,0.23076361417770386,0.2179233729839325,0.1921796053647995,0.19632121920585632,0.20074878633022308,0.19263891875743866,0.24014391005039215,0.21436412632465363,0.26909738779067993,0.2998487949371338,0.2933789789676666,0.4589017927646637,0.00035251257941126823,0.0016854776768013835,6.780761032132432e-05,0.0006114679272286594,0.0002171310334233567,-0.0002039964310824871,-0.0005338849732652307,-0.0006887600757181644,0.00040502790943719447,0.00023615866666659713,-0.0003823851002380252,3.385664240340702e-05,-0.00021134897542651743,5.075505032436922e-05,-0.0030025821179151535,0.19408956170082092,0.1811552345752716,0.23424763977527618,0.22315825521945953,0.19046556949615479,0.09674256294965744,0.0903242751955986,0.11059202253818512,0.0393964946269989,0.04208952933549881,0.07350051403045654,0.050333913415670395,0.05177547410130501,0.0488482303917408,0.5205633044242859,17.642412185668945,21.82526397705078,7.833794116973877,7.707553863525391,5.61436653137207,3.0807135105133057,2.667371988296509,1.8804070949554443,1.3671095371246338,0.5452542304992676,1.1885665655136108,-0.08652444928884506,-0.2783963680267334,-0.3780233860015869,-1.5025863647460938
10,9.038812277140096e-05,0.0029303687624633312,0.004203421995043755,0.0010162703692913055,0.0004993531620129943,0.03270595520734787,0.04428369551897049,0.04852159693837166,0.05860084295272827,0.13086135685443878,0.0006119436002336442,-0.0005731854471378028,0.17951415479183197,0.1821112036705017,0.7067179083824158,0.22507700324058533,0.19468051195144653,0.24410374462604523,0.2451046109199524,0.24618561565876007,0.196912482380867,0.2201136201620102,0.21234901249408722,0.20898710191249847,0.2719621956348419,0.22263690829277039,0.27605777978897095,0.2906169891357422,0.29163438081741333,0.004954621195793152,-0.00014475644275080413,0.0012617839965969324,0.0009975458960980177,0.0013338816352188587,2.828689684974961e-05,-0.0001927496341522783,-0.0003335791116114706,0.00014958276005927473,0.0004162251716479659,0.00032179351546801627,-0.00038180709816515446,5.898355084354989e-05,-0.0005947357858531177,0.0005175902624614537,0.0,0.2210257351398468,0.19106633961200714,0.2428075075149536,0.23546573519706726,0.22451387345790863,0.116084523499012,0.1051422506570816,0.1388324499130249,0.04160464182496071,0.056153301149606705,0.08801818639039993,0.0611734576523304,0.06418024748563766,0.06457536667585373,0.0,10.62444019317627,18.595518112182617,8.263463020324707,7.312066078186035,5.495823383331299,2.7844197750091553,1.690341591835022,2.332258701324463,1.0248255729675293,-0.16650396585464478,0.8957440257072449,-0.37064024806022644,-0.5843877792358398,-0.5932177901268005,-2.002697229385376
11,0.0012913665268570185,0.0018016854301095009,0.0006902888999320567,0.0011110116029158235,8.086287562036887e-05,0.01822727732360363,0.01569640077650547,0.0012592663988471031,0.0288047157227993,0.05414888262748718,0.0008988410118035972,0.07362184673547745,0.11108917742967606,0.0007680734270252287,0.7001529335975647,0.22138749063014984,0.1944957971572876,0.22815167903900146,0.24194517731666565,0.23900039494037628,0.1980903148651123,0.22213955223560333,0.2092423290014267,0.19910617172718048,0.24029135704040527,0.2182331532239914,0.26841098070144653,0.2935042083263397,0.3071596324443817,0.22379107773303986,-0.00011636576527962461,0.0017832763260230422,0.0005317741888575256,0.001535208080895245,-0.0002524982555769384,-0.0001472176518291235,-0.0006478560972027481,0.00011896101932507008,0.0003437496197875589,0.0004279949062038213,-0.00033906425232999027,0.00035956333158537745,-0.000276160251814872,0.0007016989984549582,2.982481601065956e-05,0.21738462150096893,0.19139529764652252,0.2268119752407074,0.235573410987854,0.2205110788345337,0.11785703152418137,0.1428219974040985,0.1494000256061554,0.04345317557454109,0.05020979046821594,0.08427219837903976,0.05844177305698395,0.05651329830288887,0.07779687643051147,0.0067743281833827496,13.20166015625,18.968196868896484,10.775774002075195,8.101359367370605,7.926822662353516,2.7882373332977295,3.3452677726745605,2.9940316677093506,1.4017319679260254,1.2272063493728638,1.3260620832443237,0.17189523577690125,-0.43694016337394714,-0.33231034874916077,-1.806198000907898
12,0.0006048066425137222,0.0027814283967018127,-0.00022561867081094533,0.0007134064217098057,0.00897293072193861,0.00036642354098148644,-0.0018933406099677086,0.0004901930806227028,0.00023039084044285119,0.10093045234680176,0.06327196210622787,-0.0017223140457645059,0.00044912524754181504,0.2948352098464966,0.7067191004753113,0.20169422030448914,0.1854860931634903,0.23055583238601685,0.24712948501110077,0.24506017565727234,0.21005935966968536,0.2437618523836136,0.23952001333236694,0.2289641797542572,0.24679626524448395,0.22121477127075195,0.318276584148407,0.3118123710155487,0.32679298520088196,0.0049694194458425045,0.00047124497359618545,0.0018223742954432964,-0.00031231821049004793,0.0013787513598799706,-0.0005226125358603895,-0.0002105587482219562,-0.001291305641643703,-0.0005330427666194737,-0.00014274589193519205,4.285784234525636e-05,-0.00036460504634305835,0.00032119170646183193,-0.0010664337314665318,-0.0003900373703800142,0.0,0.1995127648115158,0.18250435590744019,0.23013034462928772,0.24280504882335663,0.2297288179397583,0.14367011189460754,0.18904542922973633,0.19266335666179657,0.05894163250923157,0.061193495988845825,0.09259281307458878,0.09262769669294357,0.11810275912284851,0.12136638909578323,0.0,17.598066329956055,21.87750244140625,9.531949996948242,7.136346340179443,6.95939302444458,3.286625623703003,3.315788507461548,2.4866411685943604,0.725355327129364,0.16803446412086487,1.0239512920379639,-0.7863086462020874,-0.8074158430099487,-1.1410391330718994,-2.00264048576355
13,0.0006449402426369488,0.0020413908641785383,-0.00011842853564303368,0.0006917677237652242,0.0030958945862948895,0.01489249523729086,0.009666169993579388,0.0182611383497715,0.032792553305625916,-0.0014109292533248663,0.04604768753051758,0.10264965891838074,-0.0009549085516482592,0.10549124330282211,0.719221293926239,0.1973954439163208,0.18861107528209686,0.22014546394348145,0.24148567020893097,0.23551034927368164,0.2045038640499115,0.2449524700641632,0.2466876357793808,0.206952765583992,0.23988793790340424,0.22567185759544373,0.2836204767227173,0.2904394567012787,0.2996080815792084,0.20103056728839874,0.0005157856503501534,0.0020398139022290707,-0.00019522328511811793,0.0012753644259646535,-0.0005901816766709089,-0.00026530263130553067,-0.001583077828399837,-0.0004298090352676809,-9.497188148088753e-05,4.9611750000622123e-05,-0.00039919602568261325,0.0005137291736900806,-0.0006606986280530691,-0.00041576536023057997,6.938308069948107e-05,0.19566728174686432,0.18539996445178986,0.2188492715358734,0.23784653842449188,0.22143524885177612,0.144566148519516,0.2069719433784485,0.21297985315322876,0.06557875126600266,0.06674865633249283,0.08639393746852875,0.06041346490383148,0.11809087544679642,0.10318940877914429,0.034673381596803665,19.49110221862793,21.160301208496094,11.705711364746094,8.268308639526367,9.049981117248535,4.06341552734375,4.800525188446045,2.820404529571533,1.8018972873687744,0.8394591212272644,1.0793497562408447,0.15469598770141602,-0.06032811477780342,-0.13791881501674652,-1.8411283493041992
14,0.0018489054637029767,0.002856406383216381,0.0013654872309416533,0.0005852847243659198,0.005104214884340763,0.00019411969697102904,0.013498869724571705,-0.00025205561541952193,0.05649501830339432,-0.0009123825584538281,0.06690137088298798,0.17617309093475342,0.0019706818275153637,-0.0017740267794579268,0.7067387700080872,0.20840944349765778,0.20037764310836792,0.2359200268983841,0.24269907176494598,0.2520703971385956,0.23454934358596802,0.2684899568557739,0.2669976055622101,0.22287236154079437,0.2531239092350006,0.24028219282627106,0.30273503065109253,0.31542840600013733,0.3186286687850952,0.0059327925555408,0.0007460863562300801,0.0022338496055454016,0.0004598355444613844,0.0009510928066447377,-0.0006166198872961104,-0.00017814930470194668,-0.0016546448459848762,-0.0006202164222486317,0.00013292203948367387,2.277651583426632e-05,-0.0006206471589393914,-2.249466342618689e-05,0.00020284828497096896,-1.9324859749758616e-05,0.0,0.2072262316942215,0.19934707880020142,0.23529747128486633,0.23935699462890625,0.24295826256275177,0.20134815573692322,0.24177199602127075,0.24429196119308472,0.12193278223276138,0.07664821296930313,0.1340922713279724,0.07731778174638748,0.10180419683456421,0.1030447855591774,0.0,15.42283821105957,17.45848846435547,9.752559661865234,7.707770824432373,6.725492000579834,3.050240993499756,4.583555221557617,3.869959831237793,1.3907110691070557,-0.004279800225049257,0.9314118027687073,-0.560981810092926,-0.8385450839996338,-0.8459191918373108,-2.002436637878418
15,0.0015284650726243854,0.0026669532526284456,0.0006590295233763754,-0.00012731811148114502,0.0026956358924508095,0.0003542802296578884,0.003715795697644353,0.00992138497531414,0.029289454221725464,0.04747515171766281,0.03766494244337082,0.0009690359584055841,0.0004000098560936749,-0.0028472470585256815,-0.0006338458624668419,0.20054768025875092,0.18870232999324799,0.21956899762153625,0.22746528685092926,0.24738803505897522,0.23302599787712097,0.26252058148384094,0.2729317247867584,0.2156313955783844,0.23310090601444244,0.23932895064353943,0.28204604983329773,0.2979857921600342,0.3123277723789215,0.4863058626651764,0.0014523849822580814,0.002663504099473357,0.0002276008453918621,0.0003503710904624313,-0.0008309884578920901,-4.7125933633651584e-05,-0.0018847644096240401,-0.0004814229905605316,-5.2183298976160586e-05,-0.0002412956382613629,-0.0004832045524381101,0.0003416250692680478,0.0003704603295773268,-0.0008127847104333341,0.00048485075240023434,0.1993313580751419,0.18696290254592896,0.21836528182029724,0.22325833141803741,0.23689204454421997,0.20495660603046417,0.24185964465141296,0.2567600905895233,0.13370858132839203,0.07380973547697067,0.11614624410867691,0.07816055417060852,0.11933831125497818,0.09199952334165573,0.5475707054138184,18.801898956298828,22.254981994628906,12.32606029510498,10.502341270446777,7.036293029785156,3.9498913288116455,5.9792070388793945,4.604697227478027,2.1010100841522217,1.062915563583374,0.9163433909416199,0.026236562058329582,-0.15050509572029114,-0.04624857380986214,-1.5023053884506226
16,0.0017712484113872051,0.0033291270956397057,0.0002620412560645491,0.003916316200047731,-0.0008167455671355128,0.0008100223494693637,-0.001165014342404902,0.0004500508075580001,0.05713972821831703,0.09262219071388245,-0.0014919462846592069,0.27781787514686584,0.29454365372657776,-0.004525190684944391,nan,0.21167542040348053,0.19412319362163544,0.2320699840784073,0.25944820046424866,0.24384261667728424,0.24641062319278717,0.2936211824417114,0.2652839720249176,0.24165384471416473,0.25179973244667053,0.2360626757144928,0.34031277894973755,0.32847926020622253,0.36465805768966675,nan,0.0009272593888454139,0.002688131295144558,0.0002367726992815733,-0.00018761488900054246,-0.0008934608194977045,0.0006051360978744924,-0.001330881379544735,-0.00038813092396594584,-9.613175643607974e-05,-0.0005973262595944107,-0.000621302577201277,0.00027430939371697605,0.0005461910041049123,0.00044257426634430885,nan,0.21067188680171967,0.19266262650489807,0.23122753202915192,0.25902971625328064,0.23527643084526062,0.22896955907344818,0.28278499841690063,0.25604042410850525,0.15612253546714783,0.08693086355924606,0.13282078504562378,0.09466002136468887,0.05155231058597565,0.0674930140376091,nan,15.052613258361816,18.404321670532227,9.82517147064209,5.987131118774414,7.936517238616943,3.4106709957122803,4.307731628417969,4.9378533363342285,1.1877104043960571,0.5011426210403442,1.3425610065460205,-1.1215980052947998,-1.1466522216796875,-1.5008203983306885,-3.000000238418579
17,0.0014356068568304181,0.0025233172345906496,0.0002940183621831238,0.0019420047756284475,-0.0005209502414800227,0.0008645118214190006,0.0025503707583993673,0.000393097783671692,-0.00026517020887695253,-0.0008402245002798736,-0.0009027530322782695,0.11345527321100235,0.09776979684829712,0.13229700922966003,-0.0014683612389490008,0.2069479376077652,0.1920507401227951,0.2115640789270401,0.24620629847049713,0.24839697778224945,0.22908322513103485,0.28812581300735474,0.27881625294685364,0.2203933149576187,0.22747333347797394,0.23845331370830536,0.3149326741695404,0.31956717371940613,0.3472277820110321,0.48895734548568726,0.0014008390717208385,0.002160488860681653,0.0002701815392356366,0.00024728168500587344,-0.0006331283948384225,0.0007622319390065968,-0.0010317955166101456,-0.0004399741883389652,-0.0004422145429998636,-0.0004107087734155357,-0.0003661535738501698,0.0008891766774468124,0.0004610740870703012,-4.121519668842666e-05,0.00011464825365692377,0.20602960884571075,0.19034144282341003,0.21066783368587494,0.24562638998031616,0.23935885727405548,0.2089487761259079,0.2776845395565033,0.2705356776714325,0.14687012135982513,0.08530353754758835,0.133112370967865,0.08494486659765244,0.07115529477596283,0.05175195261836052,0.5461699366569519,16.886764526367188,19.190155029296875,13.567789077758789,9.44947624206543,7.940934658050537,5.669031143188477,5.410180568695068,4.2656450271606445,3.188606023788452,1.9552596807479858,1.5640130043029785,-0.30687031149864197,-0.6110515594482422,-0.49472323060035706,-1.5022892951965332
18,0.0007510928553529084,0.0028422100003808737,-0.0002330932766199112,6.0740738263120875e-05,0.006220181006938219,0.016057157889008522,0.0029628167394548655,0.001258621457964182,0.00023083585256244987,-0.0007432450074702501,-0.00026884712860919535,0.16873353719711304,0.00038194216904230416,0.0007245541783049703,0.706767737865448,0.21139806509017944,0.19023528695106506,0.20694175362586975,0.24969831109046936,0.2581671476364136,0.23551486432552338,0.2848891317844391,0.29614007472991943,0.23682893812656403,0.24408793449401855,0.24875737726688385,0.30393144488334656,0.2856256067752838,0.31553202867507935,0.003931483253836632,0.0007320400909520686,0.0016287409234791994,-0.0002693301939871162,0.0005262780468910933,-0.00027582075563259423,0.0011374164605513215,-0.0006384702865034342,0.0005579211283475161,-0.00012254876492079347,-0.0003927653597202152,0.00020003452664241195,0.0005987849435769022,0.0011462416732683778,-0.0007880254415795207,0.0,0.21028031408786774,0.18499596416950226,0.20536088943481445,0.24801227450370789,0.2484411746263504,0.21753132343292236,0.2816384732723236,0.287832647562027,0.19243742525577545,0.0887104868888855,0.14020375907421112,0.11200234293937683,0.11445585638284683,0.09725875407457352,0.0,15.13908863067627,22.17552947998047,14.254268646240234,7.307651996612549,6.074447154998779,4.8530378341674805,5.396851062774658,4.201477527618408,3.708275318145752,0.8216397166252136,1.0281997919082642,-0.5244945287704468,-0.21232198178768158,-0.8523398041725159,-2.002394914627075
19,0.0010163855040445924,0.0023576198145747185,0.00030550951487384737,0.0018563388148322701,0.00166199984960258,0.007916822098195553,0.0004710339708253741,0.0008507574093528092,0.01374739222228527,-0.000778420187998563,0.03264078497886658,0.08238765597343445,0.08149426430463791,-0.000458572554634884,0.7446291446685791,0.21145708858966827,0.15764378011226654,0.18557527661323547,0.23251928389072418,0.24698516726493835,0.23433615267276764,0.27088695764541626,0.29068300127983093,0.23129989206790924,0.23844541609287262,0.2524312138557434,0.287340372800827,0.2958703935146332,0.31778091192245483,0.1818719059228897,0.0006555129657499492,0.0023636326659470797,7.617981464136392e-05,0.0007605008431710303,-0.00028331021894700825,0.0010656435042619705,-0.0009855913231149316,0.0003290050372015685,-0.00013967178529128432,-0.0003086026117671281,0.00024498929269611835,0.0005025549908168614,0.0014431135496124625,-0.0010941457003355026,6.441637196985539e-06,0.2102920562028885,0.1555507928133011,0.1840641349554062,0.23048275709152222,0.23848119378089905,0.21795611083507538,0.2674376964569092,0.2816951870918274,0.1921117901802063,0.09293082356452942,0.14985916018486023,0.1181773841381073,0.13164253532886505,0.12627772986888885,0.0005559517303481698,15.677169799804688,30.994077682495117,19.131492614746094,9.583683967590332,8.344856262207031,6.398623466491699,7.215886116027832,4.600667953491211,6.000617980957031,1.1388111114501953,1.24439537525177,0.10514004528522491,0.24623119831085205,-0.36422640085220337,-1.8745839595794678
20,0.00032189322519116104,0.001576585927978158,0.00022169924341142178,0.004084380809217691,0.003199045080691576,0.00041856354800984263,4.568072472466156e-05,0.016116036102175713,0.0019308687187731266,-0.0014962981222197413,0.06414027512073517,0.28613120317459106,0.15121270716190338,-0.0005059897666797042,nan,0.21939145028591156,0.19337642192840576,0.21667559444904327,0.25236961245536804,0.2710288166999817,0.24195580184459686,0.29812464118003845,0.3073573708534241,0.2604488134384155,0.2481027990579605,0.2668575942516327,0.3386867940425873,0.3085838556289673,0.28437182307243347,nan,0.00031611500889994204,0.0015758820809423923,0.0001917007175507024,0.00025490764528512955,-0.0001679204433457926,0.000579926825594157,0.00021036503312643617,-0.0007346204365603626,0.0012152199633419514,-0.001081735477782786,0.000535015482455492,-0.00023072242038324475,0.0013364149490371346,-0.0005049179890193045,nan,0.21902523934841156,0.19054827094078064,0.2158818244934082,0.252491295337677,0.263203889131546,0.22695893049240112,0.295043021440506,0.29993361234664917,0.22817905247211456,0.1273362636566162,0.17705278098583221,0.06339450925588608,0.16217051446437836,0.08293453603982925,nan,13.815438270568848,17.911911010742188,10.962621688842773,6.910333633422852,6.334079742431641,5.715707302093506,4.814098834991455,3.1987385749816895,3.769495725631714,0.780994176864624,1.0993620157241821,-1.1315724849700928,-0.3741346001625061,-0.29381880164146423,-3.000000238418579
21,0.0004760069423355162,0.002291544107720256,-0.0001222317514475435,-7.997381180757657e-05,0.001016175840049982,0.00601236941292882,0.0015153723070397973,0.006689421832561493,0.014170071110129356,0.043459221720695496,-0.0003523479390423745,0.0011657360009849072,0.00022780477593187243,0.0325092077255249,0.004848006181418896,0.22010309994220734,0.1915503889322281,0.20955824851989746,0.2443113774061203,0.2515478730201721,0.24296437203884125,0.2999161183834076,0.3032633066177368,0.2673962116241455,0.25089970231056213,0.24941818416118622,0.2738075256347656,0.31466907262802124,0.29012006521224976,0.5000547766685486,0.00014681403990834951,0.0018839994445443153,-0.00014790677232667804,0.0003275930939707905,-0.00034646279527805746,0.0005963121657259762,0.00016851398686412722,-0.00062314368551597,0.0008608041680417955,-0.0009621924837119877,0.0008705820073373616,0.00018107339565176517,0.0015188034158200026,-0.000627380155492574,0.00428871251642704,0.21960677206516266,0.18892139196395874,0.2088327556848526,0.24349001049995422,0.24445469677448273,0.2289629727602005,0.29631876945495605,0.29325249791145325,0.23884981870651245,0.13759490847587585,0.15177829563617706,0.09295789152383804,0.15629243850708008,0.08599744737148285,0.5497748255729675,14.271720886230469,18.60175895690918,13.299707412719727,8.702581405639648,9.301349639892578,7.055708885192871,4.998351097106934,3.9029181003570557,3.788999080657959,1.1760908365249634,1.5986586809158325,0.45204341411590576,-0.1580640971660614,-0.20291826128959656,-1.502294659614563
22,-0.00024282406957354397,0.0020202617160975933,0.0006650136201642454,0.002297351835295558,0.0023665083572268486,0.00024316852795891464,-0.00012868612247984856,0.00930995587259531,-6.653532182099298e-05,-0.000412931723985821,0.07743576914072037,0.002688816050067544,0.15617413818836212,0.17066682875156403,0.7067753076553345,0.2254558503627777,0.20188015699386597,0.210399329662323,0.24830186367034912,0.2758537530899048,0.2519936263561249,0.26037633419036865,0.28009626269340515,0.26628509163856506,0.25163471698760986,0.2682054936885834,0.28409361839294434,0.3046221435070038,0.3023892343044281,0.005123895592987537,-0.00028294947696849704,0.001561756245791912,0.0006238108035176992,0.0002529529738239944,-0.0007283128798007965,-1.9845976567012258e-05,-7.492631993955001e-05,-0.0005556195392273366,-0.00035927066346630454,-0.00040609872667118907,0.0005180905573070049,0.0004507587873376906,0.0009047596249729395,-4.818940215045586e-05,0.0,0.22393415868282318,0.19970592856407166,0.20956802368164062,0.24794037640094757,0.272605299949646,0.23953507840633392,0.2571810483932495,0.26904189586639404,0.24115829169750214,0.15536756813526154,0.16377538442611694,0.07762197405099869,0.14086875319480896,0.10670547187328339,0.0,13.787654876708984,15.426411628723145,12.606268882751465,7.911015510559082,6.418708801269531,5.340484142303467,7.420877933502197,5.039612293243408,3.81013822555542,1.011169672012329,0.7920922636985779,-0.2559692859649658,-0.4233143627643585,-0.5421991944313049,-2.002244234085083
23,0.00025994761381298304,0.0018209628760814667,0.0003794397343881428,0.0017280583269894123,-0.0006548246019519866,0.00023095958749763668,-0.00012130661343690008,0.004435278475284576,0.013338536955416203,0.03636787831783295,0.0008390601724386215,0.0029402035288512707,0.09298741817474365,-0.001421046443283558,0.7067753076553345,0.2093232423067093,0.20084182918071747,0.18509380519390106,0.24840962886810303,0.2644048035144806,0.24974749982357025,0.2814584970474243,0.2777860760688782,0.2614727318286896,0.2562507092952728,0.26882439851760864,0.2781856656074524,0.316757470369339,0.2902267277240753,0.005123895592987537,0.00024310447042807937,0.001819453202188015,0.000263488880591467,0.0007310815271921456,-0.0006510315579362214,8.029512537177652e-05,-7.979344809427857e-05,-0.00030259392224252224,0.0008931386400945485,-0.0005094409571029246,0.0006166492239572108,0.0005593153764493763,0.0010389977833256125,-0.00031987790134735405,0.0,0.20778734982013702,0.19900347292423248,0.18461979925632477,0.2519803047180176,0.2598530054092407,0.23897568881511688,0.2774201035499573,0.2683852016925812,0.23412258923053741,0.17242862284183502,0.18606683611869812,0.08686188608407974,0.16928446292877197,0.10668393224477768,0.0,18.342670440673828,16.5948543548584,18.240230560302734,10.249253273010254,8.676068305969238,6.478835105895996,6.231074333190918,5.952754020690918,3.94963002204895,1.172836422920227,1.5491946935653687,0.17596833407878876,0.06661742925643921,0.03554800897836685,-2.002244234085083
24,0.0009356453665532172,0.00171637162566185,-0.00026543455896899104,0.0047353338450193405,0.00023492769105359912,0.01141749694943428,0.00982356071472168,-0.002291471464559436,0.023136548697948456,0.0920698419213295,0.06578386574983597,0.001064003212377429,0.2661946713924408,0.1654910445213318,0.7067467570304871,0.2241976112127304,0.1944238394498825,0.20680679380893707,0.24972324073314667,0.25673675537109375,0.2560715079307556,0.2928478419780731,0.28855273127555847,0.2858048975467682,0.29191115498542786,0.2698163688182831,0.3223688006401062,0.3462867736816406,0.3032245337963104,0.00467897392809391,-3.351007399032824e-05,0.0017323968932032585,-0.0002958509139716625,0.001075518666766584,0.0002642986364662647,0.00023944198619574308,-0.001036639092490077,-0.002519149100407958,0.0012719358783215284,-0.0013987425481900573,0.0004350841336417943,-0.00014268500672187656,-0.0008219230221584439,-0.000437036098446697,0.0,0.22356447577476501,0.19287467002868652,0.20619536936283112,0.24551251530647278,0.25325047969818115,0.24615389108657837,0.2772594094276428,0.27765825390815735,0.2644588053226471,0.22471113502979279,0.1765230894088745,0.06620678305625916,0.1928517371416092,0.12656208872795105,0.0,13.152191162109375,17.845703125,12.875642776489258,6.8814873695373535,8.673373222351074,5.065047264099121,5.2472310066223145,4.371316432952881,3.2177393436431885,0.40130823850631714,1.1396080255508423,-0.8110870122909546,-1.0990418195724487,-0.5065710544586182,-2.002490282058716
25,0.00024297814525198191,0.0017654354451224208,-0.0009464072063565254,0.0007307340856641531,0.0002082813298329711,0.0005825943080708385,0.000946494285017252,0.00450633279979229,0.0019169080769643188,-0.002533161314204335,0.02630969136953354,0.1081249788403511,0.0002893654746003449,-0.0006967432564124465,0.004736537113785744,0.20181848108768463,0.1851450353860855,0.19380904734134674,0.24031782150268555,0.253275066614151,0.2528960406780243,0.22615692019462585,0.28338050842285156,0.2812519967556,0.2876511812210083,0.25662532448768616,0.30809393525123596,0.3129393458366394,0.2981473207473755,0.47051483392715454,0.00023134610091801733,0.0017884285189211369,-0.0009648402919992805,0.0010264604352414608,0.0002670353278517723,0.0005565463798120618,0.0009526212816126645,-0.0013481714995577931,0.0013199467211961746,-0.001423108042217791,0.0007923248340375721,0.00042582262540236115,0.0004799735906999558,-0.0006491682142950594,0.005586328450590372,0.20080220699310303,0.18350695073604584,0.19346851110458374,0.24023142457008362,0.2514679729938507,0.24223943054676056,0.22054967284202576,0.2747141122817993,0.25793910026550293,0.23728564381599426,0.1787932962179184,0.05836290866136551,0.17760880291461945,0.14721326529979706,0.467753142118454,21.36536407470703,22.232065200805664,20.178449630737305,8.51793098449707,9.975125312805176,5.885721206665039,13.17340087890625,5.4857869148254395,4.194744110107422,0.9852314591407776,2.534407377243042,-0.1944136768579483,0.10205605626106262,0.14590434730052948,-1.5024038553237915
26,-6.723292608512565e-05,0.002704464364796877,-0.0011308150133118033,0.0008240565657615662,0.0012149412650614977,0.00030568777583539486,0.002076704055070877,0.02655821107327938,0.019618302583694458,0.04983397573232651,-0.0004258447152096778,0.2930391728878021,0.24239633977413177,-0.001965364906936884,0.7066816687583923,0.21742121875286102,0.20331642031669617,0.19950807094573975,0.25309276580810547,0.24679766595363617,0.2684611976146698,0.2953942120075226,0.2901281416416168,0.26785802841186523,0.27009955048561096,0.2609351873397827,0.3276587426662445,0.3576340079307556,0.31970107555389404,0.006809174548834562,-0.0005694857100024819,0.0022348116617649794,-0.0012452363735064864,0.0009449687204323709,4.279556014807895e-05,0.0004766946949530393,0.000747724378015846,-0.0014579158741980791,0.0016831069951876998,-0.0005472844350151718,0.0009102722979150712,0.0003935931599698961,0.001508610788732767,-0.001014938810840249,0.0,0.21719010174274445,0.2017635554075241,0.19907265901565552,0.2505907416343689,0.24661552906036377,0.26157936453819275,0.29427027702331543,0.2699111998081207,0.24775800108909607,0.22109514474868774,0.19709418714046478,0.09074123948812485,0.21844573318958282,0.128386989235878,0.0,14.010562896728516,15.815354347229004,16.03595542907715,6.9464569091796875,8.87360954284668,4.8885602951049805,5.253995895385742,2.447760581970215,4.034714698791504,1.691333293914795,2.2229838371276855,-1.1453722715377808,-1.0504440069198608,-0.8081406354904175,-2.0027072429656982
27,-0.00037638211506418884,0.002112247282639146,-0.000831319484859705,0.0019954820163547993,0.0005368506535887718,0.0006815132219344378,0.0007584950071759522,0.008960824459791183,0.011552074924111366,-0.0009114790591411293,0.00017113503417931497,0.0013552041491493583,0.00021254004968795925,-0.002291126875206828,0.00460238428786397,0.21210885047912598,0.1935642957687378,0.1887466460466385,0.23838205635547638,0.24592238664627075,0.27289438247680664,0.26646432280540466,0.2799631953239441,0.27312278747558594,0.28352391719818115,0.2562556564807892,0.28321704268455505,0.32987546920776367,0.3215162456035614,0.4778205156326294,-0.0006504592602141201,0.0019180927192792296,-0.0008476762450300157,0.0008592474623583257,-0.00018952804384753108,0.0007034799200482666,0.00013736890105064958,-0.0005637564463540912,0.001567518338561058,-0.0006965515203773975,0.001225566491484642,0.0004723725141957402,0.001236936543136835,-0.0009919863659888506,0.00708143413066864,0.21140533685684204,0.19165027141571045,0.1883855164051056,0.2362484484910965,0.24533726274967194,0.26726874709129333,0.26438286900520325,0.2702183127403259,0.25328361988067627,0.2506004571914673,0.1964084804058075,0.09187052398920059,0.22065603733062744,0.12426592409610748,0.5224321484565735,15.4573974609375,21.86600112915039,21.342435836791992,9.647406578063965,11.304176330566406,5.432774066925049,8.847209930419922,4.52064847946167,4.188446521759033,1.8620799779891968,3.3496615886688232,0.24670083820819855,0.19249020516872406,-0.3800716996192932,-1.5025246143341064
28,-0.0004907227703370154,0.0024117520079016685,0.0010109072318300605,0.002615314908325672,-0.0012693562312051654,0.011637088842689991,0.0019565869588404894,-0.0001997839572140947,0.027513673529028893,2.9408120099105872e-05,-0.0017831844743341208,0.16547879576683044,0.002579587046056986,-0.00033590986276976764,nan,0.20307008922100067,0.22576886415481567,0.2090776562690735,0.23856496810913086,0.2593344449996948,0.2725564241409302,0.27281445264816284,0.2716229259967804,0.26773741841316223,0.2874828577041626,0.27762919664382935,0.31515175104141235,0.38991379737854004,0.3241267800331116,nan,-0.0005007042782381177,0.0018940451554954052,0.0009835304226726294,0.001111817080527544,-0.0012146353255957365,0.0010906405514106154,0.0011523646535351872,-0.0004691568319685757,0.0007878841715864837,0.0005231477553024888,-0.0005196991842240095,0.0003814519150182605,0.0003967091324739158,0.0008672174299135804,nan,0.20147258043289185,0.22087152302265167,0.20777444541454315,0.23642463982105255,0.2581542134284973,0.26627904176712036,0.2711929976940155,0.2574740946292877,0.23823930323123932,0.2509603500366211,0.20038814842700958,0.11340568959712982,0.3498181104660034,0.19603189826011658,nan,16.765382766723633,13.033225059509277,12.830482482910156,9.937236785888672,7.702217102050781,4.384565830230713,6.905069351196289,4.739299774169922,2.968931198120117,1.7196687459945679,0.9527660012245178,-0.5165956616401672,-1.5029007196426392,-0.7585628032684326,-3.000000238418579
29,-0.0006962844054214656,0.001789071480743587,0.0007992924656718969,0.0010642505949363112,-0.00036575167905539274,0.0013016652083024383,0.0019073854200541973,-2.1027206457802095e-05,0.012475610710680485,0.021683409810066223,-0.00024979724548757076,0.0873623639345169,0.0016090268036350608,0.07942430675029755,0.706652045249939,0.1885054111480713,0.1948998123407364,0.19336797297000885,0.24114848673343658,0.24989689886569977,0.26199275255203247,0.28237760066986084,0.2682396173477173,0.252412885427475,0.2769450545310974,0.2543884813785553,0.31406593322753906,0.3379549980163574,0.30457860231399536,0.0068187415599823,-0.0009536949219182134,0.0016631255857646465,0.0007282972801476717,0.0011200051521882415,-0.0010216598166152835,0.0012715246994048357,0.00155296316370368,-0.0003394579980522394,0.0010801830794662237,-0.0002405459526926279,0.00030323321698233485,0.0002441293327137828,0.0005840476369485259,-0.0004203248827252537,0.0,0.1878134310245514,0.19300052523612976,0.19324395060539246,0.24019192159175873,0.24899646639823914,0.2532089948654175,0.28103920817375183,0.25756075978279114,0.2234644591808319,0.2543175518512726,0.18261583149433136,0.1268741339445114,0.26994162797927856,0.21357452869415283,0.0,23.71787452697754,21.14851951599121,17.23194122314453,10.889020919799805,9.079545974731445,6.480165958404541,6.7398834228515625,5.4573140144348145,4.955272197723389,3.4150638580322266,3.5796661376953125,-0.28825005888938904,0.16555266082286835,0.43675363063812256,-2.0029232501983643
30,-0.0021033191587775946,0.001523229293525219,0.0013383354526013136,0.0015033776871860027,0.0007803236367180943,0.0005228182999417186,-0.002889633411541581,-0.0002532362414058298,0.0014751876005902886,0.03622053191065788,0.04890841618180275,0.00069532630732283,-0.0023472802713513374,-0.0006848487537354231,nan,0.21509476006031036,0.18767814338207245,0.22362090647220612,0.23554138839244843,0.2546041011810303,0.24141153693199158,0.2728111147880554,0.26813897490501404,0.2592551112174988,0.2929292321205139,0.2995649576187134,0.29093223810195923,0.3345535397529602,0.2930518388748169,nan,-0.002095788484439254,0.0012281201779842377,0.0010751100489869714,0.0004131087625864893,-0.001455608638934791,0.0007001427002251148,-0.0029146766755729914,-0.0005258264718577266,0.0015192272840067744,-0.0017595607787370682,0.0005072419880889356,0.00031666652648709714,-0.001186795998364687,-3.4540142223704606e-05,nan,0.21477018296718597,0.18379411101341248,0.2229985147714615,0.23503969609737396,0.248330220580101,0.23302635550498962,0.2702607214450836,0.2542792856693268,0.22634980082511902,0.2767413556575775,0.2526414096355438,0.12767629325389862,0.24312175810337067,0.17719493806362152,nan,14.169981956481934,19.43154525756836,9.991366386413574,9.653080940246582,8.229046821594238,7.398897171020508,7.605166912078857,4.457559108734131,2.835221529006958,2.081939458847046,1.6834115982055664,-0.2550894320011139,-0.5904639363288879,-0.05792829766869545,-3.000000238418579
31,-0.0017695288406684995,0.0010003331117331982,0.00070380320539698,-0.000145782672916539,0.0004471772990655154,0.00044975426862947643,-0.0027813981287181377,-0.00010733443923527375,0.013602388091385365,-0.0021960909944027662,-0.00011838434147648513,0.06994978338479996,0.08107896149158478,0.07667253166437149,-0.006442747078835964,0.20187772810459137,0.1776515692472458,0.19901688396930695,0.22196270525455475,0.21998479962348938,0.23189236223697662,0.2599790692329407,0.26016512513160706,0.27349719405174255,0.3120661973953247,0.27847108244895935,0.2922390103340149,0.31157130002975464,0.30983981490135193,0.5010960698127747,-0.0019343215972185135,0.0010720405261963606,0.000679062562994659,-5.377959314500913e-05,-0.00013332391972653568,0.00069411750882864,-0.002777556888759136,-0.00044952199095860124,0.0014538810355588794,-0.002065888838842511,0.0004762078169733286,0.0005252963746897876,0.00020064384443685412,-0.0004075292672496289,-0.007108579855412245,0.20129580795764923,0.1758691817522049,0.19866810739040375,0.2212732583284378,0.21740758419036865,0.22375717759132385,0.25697723031044006,0.2479492723941803,0.24603533744812012,0.29571789503097534,0.22552506625652313,0.1365993469953537,0.18375641107559204,0.1849382519721985,0.5663076639175415,17.405488967895508,22.605484008789062,15.052398681640625,12.681143760681152,14.64665412902832,9.347461700439453,9.717966079711914,6.283298015594482,3.0801193714141846,2.058619499206543,3.682891607284546,0.06845927983522415,0.2940036952495575,-0.023654168471693993,-1.503740906715393
32,-0.0018498426070436835,8.583842827647459e-06,0.001413816469721496,0.00034743905416689813,0.002790459431707859,0.0015094226691871881,-0.0023698846343904734,0.012838472612202168,-0.0003725164569914341,-0.0010435626609250903,-0.00046282802941277623,0.002015424659475684,-9.928594954544678e-05,-0.000707910570781678,0.7065304517745972,0.1886766254901886,0.18293404579162598,0.20919138193130493,0.24955303966999054,0.2557356059551239,0.24586299061775208,0.2809799909591675,0.2736363708972931,0.27448952198028564,0.29526397585868835,0.2833808660507202,0.29410654306411743,0.2979140877723694,0.2998608350753784,0.008401642553508282,-0.0020919963717460632,0.00010857247252715752,0.0013909767149016261,0.0004621630359906703,0.001338724629022181,0.0016015804139897227,-0.003366803750395775,0.0008093530777841806,-0.00018690511933527887,-0.0006962495390325785,0.00017333574942313135,0.0008821737137623131,-7.046869723126292e-05,-0.00019510525453370064,0.0,0.18749438226222992,0.1815202236175537,0.20901505649089813,0.24767965078353882,0.251991331577301,0.23751826584339142,0.27856236696243286,0.2667406499385834,0.25054579973220825,0.27029556035995483,0.23298379778862,0.14544245600700378,0.1959468126296997,0.21605311334133148,0.0,19.609954833984375,19.301036834716797,12.190287590026855,7.507669448852539,8.18376636505127,7.131622791290283,6.807301044464111,4.595770359039307,2.4480295181274414,1.9690648317337036,2.4942734241485596,-0.16457781195640564,0.03591866046190262,0.029995806515216827,-2.0035688877105713
33,-0.002081006532534957,0.0007621909026056528,0.0008777399198152125,0.0001960789959412068,0.0017032650066539645,0.0009746722644194961,0.0008495520451106131,0.0007947778212837875,0.01141364686191082,-0.0010295899119228125,-0.0009274205658584833,0.07717585563659668,0.06687203049659729,-0.0005970312631689012,0.6722222566604614,0.17864036560058594,0.18642865121364594,0.20021188259124756,0.24887655675411224,0.23930571973323822,0.24416807293891907,0.24816763401031494,0.2667156457901001,0.24860280752182007,0.3085070550441742,0.2923862636089325,0.2905636727809906,0.31503376364707947,0.3165986239910126,0.26908138394355774,-0.0020798223558813334,0.0008168473723344505,0.000815720297396183,0.0003021965967491269,0.001184743014164269,0.0010663970606401563,0.000596014317125082,0.0002466990554239601,0.0009991732658818364,-0.0008631992386654019,9.696398774394765e-05,0.001217357348650694,-6.143756036181003e-05,-0.0002462294651195407,-0.00393772404640913,0.17794065177440643,0.18554215133190155,0.20002660155296326,0.24751675128936768,0.23828646540641785,0.23582322895526886,0.2466026097536087,0.25520721077919006,0.22366569936275482,0.2931651175022125,0.23789843916893005,0.15550382435321808,0.1985788643360138,0.2621396481990814,0.374050498008728,25.239341735839844,18.993934631347656,15.257329940795898,8.071125030517578,11.818549156188965,7.812386512756348,10.803284645080566,5.545534610748291,5.33323335647583,1.9185651540756226,2.3877530097961426,0.4963906407356262,0.19658319652080536,0.4750775694847107,-1.7543182373046875
34,-0.0011577550321817398,0.0014632269740104675,0.00019605942361522466,-3.493097028695047e-05,-0.00023981645063031465,0.0016087081748992205,0.0036734321620315313,0.0117961959913373,-0.0001873385044746101,-0.0017528751632198691,0.03945951908826828,0.0019467876991257071,0.14195601642131805,0.14348198473453522,nan,0.201453298330307,0.18713237345218658,0.21781983971595764,0.2572537064552307,0.2366681694984436,0.25819966197013855,0.2700429856777191,0.27666643261909485,0.30137449502944946,0.3011482357978821,0.2956802546977997,0.32203006744384766,0.3157726526260376,0.3121638298034668,nan,-0.0011721521150320768,0.0014669386437162757,-3.6902526971971383e-06,6.727736763423309e-05,-0.0009768616873770952,0.0016434206627309322,0.0022927315440028906,0.0016231016488745809,2.8767104595317505e-05,-0.001138321473263204,0.00036758111673407257,0.00023505487479269505,-0.00010908438707701862,0.0002973359078168869,nan,0.2009039670228958,0.18391279876232147,0.21703922748565674,0.2606159448623657,0.23567230999469757,0.2489481419324875,0.2680354714393616,0.2671743631362915,0.28401488065719604,0.2840609550476074,0.24321945011615753,0.2249169647693634,0.15826746821403503,0.215074822306633,nan,16.78094482421875,19.47823715209961,10.924798011779785,7.233407497406006,10.180981636047363,6.501942157745361,8.033976554870605,4.848532199859619,2.8376073837280273,2.1626036167144775,2.0254921913146973,-0.7279911041259766,-0.2916213572025299,-0.3754311501979828,-3.000000238418579
35,-0.0011077492963522673,0.0012170348782092333,-0.0003643741656560451,-0.0001669316116021946,0.00027418177342042327,0.0030539215076714754,0.0015239173080772161,0.001876441645435989,0.010542458854615688,0.014241152442991734,-0.0005630768137052655,0.0020089964382350445,0.09072231501340866,-0.001506958156824112,0.7064920663833618,0.1805756837129593,0.1758110225200653,0.21571135520935059,0.2527685761451721,0.2244292050600052,0.23619906604290009,0.2481347769498825,0.27417123317718506,0.28949740529060364,0.3016510307788849,0.2918878197669983,0.28481054306030273,0.320647656917572,0.3325486481189728,0.007437306456267834,-0.0012242476223036647,0.0011679792078211904,-0.00043598038610070944,-4.0664592233952135e-05,-6.645553366979584e-05,0.000721389485988766,0.0015477359993383288,0.0014137786347419024,0.00020636462431866676,-0.0017390695866197348,0.0005310479318723083,0.0010357066057622433,-0.00021905163885094225,0.000985525781288743,0.0,0.17989832162857056,0.1743614673614502,0.2154242843389511,0.25357910990715027,0.2236664742231369,0.22762811183929443,0.24680276215076447,0.2653411626815796,0.2730264663696289,0.28874891996383667,0.23763057589530945,0.18220150470733643,0.1526624709367752,0.2470831423997879,0.0,23.855432510375977,23.38331413269043,12.253114700317383,8.443042755126953,13.476337432861328,10.044742584228516,10.444666862487793,5.684246063232422,3.480656623840332,2.9559857845306396,2.450512647628784,0.5244240164756775,-0.12369312345981598,-0.018280167132616043,-2.0040102005004883
36,-0.0018590549007058144,0.0012362191919237375,0.00029827802791260183,-2.8458571250666864e-05,0.0012336851796135306,0.0064792875200510025,-0.0018781826365739107,0.001997152576223016,0.0007462692447006702,-0.0032063492108136415,-0.001802357961423695,0.002305760746821761,0.13744746148586273,0.19549784064292908,0.7064582705497742,0.1932508498430252,0.187164306640625,0.21876655519008636,0.2321719527244568,0.26184311509132385,0.2564047873020172,0.245900496840477,0.29038697481155396,0.2670949399471283,0.3024636507034302,0.27300187945365906,0.32678699493408203,0.31688010692596436,0.38373494148254395,0.008911576122045517,-0.0018615995068103075,0.0010831196559593081,0.00026683503529056907,-0.0012311628088355064,0.0006531420513056219,0.0011505536967888474,-0.002441106829792261,0.0015216749161481857,0.0007992756436578929,-0.0031009295489639044,-0.0005219478043727577,0.0017376478062942624,-0.0006023369496688247,0.0013288322370499372,0.0,0.19252657890319824,0.18382588028907776,0.21831965446472168,0.23003315925598145,0.2627544701099396,0.24988609552383423,0.24299079179763794,0.28490087389945984,0.25615254044532776,0.2737079858779907,0.21701131761074066,0.16834650933742523,0.18704231083393097,0.3532680571079254,0.0,18.10881805419922,18.93453598022461,10.876850128173828,9.791152954101562,8.217029571533203,6.351309299468994,10.130661010742188,4.2076544761657715,3.5653750896453857,1.033138632774353,1.73988938331604,-0.7343538999557495,-0.27041009068489075,-0.9602518081665039,-2.0040292739868164
37,-0.001737297629006207,0.0007252884679473937,0.0002782905357889831,-0.0008872739272192121,0.0003987294330727309,0.0026983898133039474,0.0006362186395563185,0.0014348452677950263,0.008441139943897724,0.0197716373950243,0.02949739620089531,0.002456761198118329,-0.0003226929984521121,0.0015748190926387906,-0.005031754728406668,0.1738629788160324,0.17137464880943298,0.21907255053520203,0.22316031157970428,0.2538849115371704,0.2539438009262085,0.22529521584510803,0.2443239986896515,0.26594778895378113,0.28822779655456543,0.2690993845462799,0.3100720942020416,0.3209921419620514,0.32731544971466064,0.47491249442100525,-0.0018343497067689896,0.0006769316969439387,0.00025039559113793075,-0.0007781138410791755,0.00038715923437848687,0.0006345172296278179,0.000488803256303072,0.0008388312999159098,0.0009377915994264185,-0.0020731461700052023,6.464582838816568e-05,0.0014374174643307924,-0.00034449793747626245,0.002196351531893015,-0.006421010475605726,0.1730756014585495,0.16948680579662323,0.2187364399433136,0.22177788615226746,0.25345590710639954,0.24655206501483917,0.22367854416370392,0.23429767787456512,0.24979671835899353,0.2645587623119354,0.21119247376918793,0.1566491276025772,0.14718134701251984,0.30038705468177795,0.5009852051734924,25.833650588989258,23.824928283691406,11.120387077331543,12.682705879211426,9.684128761291504,8.173630714416504,14.170604705810547,8.93118953704834,4.919983863830566,3.0518980026245117,2.826127767562866,-0.010029882192611694,0.0728820338845253,1.093672275543213,-1.5045900344848633
38,-0.0015009668422862887,0.0007665613084100187,0.00019715449889190495,0.0016269166953861713,0.0013575198827311397,0.0008137118420563638,-0.0016578332288190722,0.010352862998843193,2.5931500204023905e-05,0.044664882123470306,-3.728197407326661e-05,0.16059917211532593,0.13588307797908783,0.0007958546048030257,nan,0.2008640468120575,0.18226225674152374,0.21732504665851593,0.2480924278497696,0.24578160047531128,0.2586311399936676,0.26116636395454407,0.27156737446784973,0.2569074034690857,0.3076273500919342,0.3040136992931366,0.3075268864631653,0.31682726740837097,0.3725067675113678,nan,-0.0015249312855303288,0.000653186347335577,0.0001744201872497797,-0.0008143361192196608,0.0007451758137904108,0.0010349323274567723,-0.0015761262038722634,0.0022247780580073595,0.0006513043190352619,-0.0028392132371664047,0.0007346994825638831,0.0002872518089134246,-0.0003250892332289368,-1.916148539748974e-05,nan,0.200052410364151,0.18028999865055084,0.21706627309322357,0.24424207210540771,0.2447056621313095,0.24887287616729736,0.2555355429649353,0.259127676486969,0.22037692368030548,0.298894464969635,0.2522648572921753,0.153599351644516,0.18954358994960785,0.008070659823715687,nan,16.596202850341797,20.094240188598633,11.17172622680664,7.823838710784912,9.35290813446045,7.246976375579834,8.904318809509277,5.633995532989502,2.858710289001465,1.3984477519989014,1.6797281503677368,-0.43573713302612305,-0.27171045541763306,-1.5014926195144653,-3.000000238418579
39,-0.0014368615811690688,0.00044976279605180025,6.397564720828086e-05,0.0003672948223538697,0.0006433450616896152,0.0025331832002848387,0.0006943672196939588,0.002040695399045944,0.0008620051667094231,0.014391211792826653,0.020249923691153526,0.0790046900510788,8.176011760951951e-05,0.1266220659017563,0.004647098947316408,0.18839289247989655,0.17865797877311707,0.21111811697483063,0.23112429678440094,0.24256661534309387,0.24054907262325287,0.19885823130607605,0.25798508524894714,0.2589520215988159,0.32448524236679077,0.30234482884407043,0.30645132064819336,0.311481773853302,0.34426718950271606,0.501614511013031,-0.0016052784631028771,0.000483848387375474,4.332101161708124e-05,-0.000495396729093045,0.0006275840569287539,0.0007579775410704315,0.0007716029649600387,0.001473017386160791,0.0011271036928519607,-0.0032290308736264706,-0.00010337493586121127,0.00037864194018766284,-0.00039141374872997403,0.0009311440517194569,0.005384387448430061,0.18750004470348358,0.17753994464874268,0.21088385581970215,0.2292454093694687,0.2411024272441864,0.23213264346122742,0.195006862282753,0.24473713338375092,0.23684567213058472,0.3190256357192993,0.2554633319377899,0.17275631427764893,0.17416170239448547,0.1400914341211319,0.5513983368873596,20.446489334106445,22.099323272705078,13.160371780395508,11.42483901977539,10.493215560913086,9.78413200378418,17.345169067382812,7.588357448577881,4.590519905090332,1.8228281736373901,2.238440752029419,-0.11473564803600311,0.16224336624145508,-0.3272537887096405,-1.505318284034729
40,-0.0014004625845700502,0.0006776247755624354,0.0018648034892976284,0.00020785926608368754,-1.2608727047336288e-05,0.003930252976715565,0.0009870182257145643,0.010077483020722866,-0.0007834797725081444,0.04080180078744888,-0.002329532988369465,0.15927253663539886,-1.0792496141220909e-05,0.11971236765384674,nan,0.19772927463054657,0.1874457150697708,0.22310535609722137,0.2464483082294464,0.253133624792099,0.2519901692867279,0.25419944524765015,0.27334585785865784,0.2885023057460785,0.3368525207042694,0.30333754420280457,0.30555039644241333,0.2950953245162964,0.34415626525878906,nan,-0.0017467971192672849,0.0006936357240192592,0.0016937083564698696,-0.0009882526937872171,-4.676552634919062e-05,0.00042556339758448303,0.0010350295342504978,0.000634245399851352,-0.00024089563521556556,-0.005903474520891905,-0.0010202917037531734,0.0004988234140910208,-0.0006041988963261247,0.0016054798616096377,nan,0.19656604528427124,0.18569611012935638,0.22246217727661133,0.2474319040775299,0.2538279592990875,0.2437102347612381,0.252477765083313,0.2636054754257202,0.2715100347995758,0.33611804246902466,0.2686808109283447,0.16798952221870422,0.15106871724128723,0.332920104265213,nan,17.2773380279541,19.04676628112793,10.917052268981934,7.989121913909912,9.011678695678711,7.779419422149658,9.905929565429688,5.196967124938965,3.62725567817688,1.5758607387542725,1.9048775434494019,-0.4271616041660309,0.07145024091005325,-0.19602546095848083,-3.000000238418579
41,-0.0018526954809203744,0.0007604307029396296,0.0006590558914467692,-0.0013162428513169289,0.0006722616963088512,0.002316441386938095,0.0003455245459917933,0.004464932717382908,0.007897399365901947,0.011372733861207962,0.015691472217440605,0.07680221647024155,0.08753031492233276,0.0006498805014416575,-0.00437434995546937,0.19713957607746124,0.1852664053440094,0.19740572571754456,0.22760160267353058,0.2270026057958603,0.24690210819244385,0.20911721885204315,0.2882212996482849,0.2670977711677551,0.3126470446586609,0.29789790511131287,0.2860921621322632,0.3070746958255768,0.3320053815841675,0.5174484252929688,-0.0018617315217852592,0.0007194120553322136,0.0005620976444333792,-0.0013084951788187027,0.00042247402598150074,0.0006552948034368455,0.00044709935900755227,0.0004641336272470653,0.00018037884728983045,-0.003426054958254099,-0.0004176175862085074,0.000893786025699228,-0.00038244001916609704,0.0018796863732859492,-0.004651762545108795,0.19648854434490204,0.1834319531917572,0.1969948559999466,0.22839809954166412,0.22725044190883636,0.23983460664749146,0.20668213069438934,0.28002285957336426,0.251431405544281,0.3078002631664276,0.2671091854572296,0.16943509876728058,0.13933677971363068,0.31742534041404724,0.5616388320922852,17.513418197631836,20.124691009521484,16.548198699951172,12.043869972229004,12.743971824645996,9.219867706298828,16.38482666015625,5.358024597167969,5.147259712219238,3.3427019119262695,3.5201504230499268,0.44019919633865356,0.4843122959136963,0.428170770406723,-1.5065213441848755
42,-0.001683361828327179,0.0011424415279179811,0.00034081723424606025,-0.0003468294453341514,0.001211824594065547,0.005266777239739895,0.0015095705166459084,0.006411215290427208,-9.878580749500543e-05,-0.0017733476124703884,-0.000691064284183085,-0.00028956346795894206,0.13976091146469116,0.22796857357025146,0.7062617540359497,0.19585509598255157,0.17142178118228912,0.22727777063846588,0.2297934591770172,0.2569103538990021,0.2730979919433594,0.30231010913848877,0.2707583010196686,0.2772235870361328,0.3305457830429077,0.33593788743019104,0.3288330137729645,0.3152017593383789,0.3737223148345947,0.008402911014854908,-0.0016779713332653046,0.001087235752493143,0.00018983024347107857,-0.000259747524978593,0.0011814521858468652,0.002070157788693905,0.001599821844138205,7.398534216918051e-05,-6.919327279319987e-05,-0.0008968238835223019,0.0004330577212385833,0.0006607704563066363,-0.0008747289539314806,0.0033071108628064394,0.0,0.19515660405158997,0.169571653008461,0.22701381146907806,0.22952786087989807,0.25562021136283875,0.2682196795940399,0.2988894581794739,0.26162341237068176,0.25796785950660706,0.3248419463634491,0.31322693824768066,0.18912629783153534,0.12850235402584076,0.3657263517379761,0.0,16.349613189697266,24.273136138916016,9.981109619140625,10.195135116577148,8.208126068115234,5.990973949432373,4.964260101318359,6.362645626068115,4.071434497833252,1.7206615209579468,1.2494372129440308,-0.7586572170257568,-0.30464476346969604,-1.0364919900894165,-2.0054519176483154
43,-0.0013123763492330909,0.0015152754494920373,0.0006565545918419957,-0.00016753937234170735,0.0003893178654834628,0.0012362435227259994,0.0011901952093467116,0.0037583697121590376,0.00036428141174837947,-0.0027252561412751675,0.015717316418886185,0.0007650942425243556,0.06521300226449966,0.000691056891810149,0.7656517624855042,0.1832284927368164,0.15454928576946259,0.21839158236980438,0.22731861472129822,0.2212187498807907,0.25781720876693726,0.2885906398296356,0.2683178782463074,0.2724621891975403,0.3149321973323822,0.30534616112709045,0.3129790425300598,0.3011314272880554,0.3540070056915283,0.17792321741580963,-0.001394736347720027,0.0015111318789422512,0.0005771399009972811,-7.526748959207907e-05,0.00034286422305740416,0.0011536215897649527,0.0012857804540544748,5.563404192798771e-05,0.00028712282073684037,-0.0022944132797420025,-7.327370258281007e-05,0.00124559726100415,-0.0008075925870798528,0.002106846310198307,-0.0005579513963311911,0.1824418306350708,0.15269805490970612,0.21814405918121338,0.22754977643489838,0.22053377330303192,0.2511906027793884,0.286817342042923,0.25806954503059387,0.2533065974712372,0.3096470832824707,0.2769794762134552,0.17673397064208984,0.12673410773277283,0.3197798728942871,0.0625176727771759,21.601154327392578,38.10276412963867,12.866700172424316,11.251424789428711,13.378971099853516,7.8161301612854,6.28954553604126,7.258646488189697,4.796468257904053,3.624138832092285,3.006669759750366,0.08313540369272232,0.8050618767738342,-0.21276582777500153,-1.9004825353622437
44,-0.001302279531955719,0.00041133875492960215,0.0012986254878342152,0.00010265161108691245,-0.0006033267709426582,0.006620094645768404,-0.0022062829229980707,0.0005088919424451888,-0.0004844627110287547,-0.002547049429267645,-0.0018518578726798296,0.10888814181089401,-0.0011625507613644004,0.1457301378250122,nan,0.19307895004749298,0.1966865509748459,0.2306026965379715,0.24016062915325165,0.24035197496414185,0.27999722957611084,0.2682914137840271,0.2900422215461731,0.2798879146575928,0.3002411425113678,0.30990535020828247,0.2807052433490753,0.3325824439525604,0.32695063948631287,nan,-0.0013086560647934675,0.0005528216133825481,0.0011548670008778572,-0.0008196568232960999,-0.0005879411473870277,0.0009990910766646266,-0.001908284961245954,0.0003848401247523725,-0.00024870483321137726,-0.002621700055897236,-0.000777019071392715,0.0006236407207325101,-0.0013261118438094854,0.0011512286728248,nan,0.19248494505882263,0.18900883197784424,0.23026177287101746,0.2398158609867096,0.2379463165998459,0.26415252685546875,0.2628316283226013,0.28527989983558655,0.27089378237724304,0.287421315908432,0.27978017926216125,0.13264356553554535,0.1681142896413803,0.23071837425231934,nan,17.726219177246094,18.833999633789062,9.746685028076172,9.407342910766602,9.771010398864746,6.09641170501709,7.736162185668945,5.38228702545166,4.6807541847229,2.800236701965332,2.875326156616211,0.13429827988147736,-0.6314682960510254,-0.35061848163604736,-3.000000238418579
45,-0.00115983618889004,0.0007443235372193158,0.00032301453757099807,0.0002072781790047884,-0.0009247942944057286,0.003329952945932746,0.0006101797916926444,0.0027095461264252663,0.004338471684604883,-0.0022019189782440662,0.011611531488597393,0.0012613148428499699,0.0959412008523941,0.00032741593895480037,nan,0.17566360533237457,0.1484726220369339,0.21341441571712494,0.24761280417442322,0.2175879329442978,0.27267831563949585,0.2430983930826187,0.2666057050228119,0.258365660905838,0.2909407317638397,0.3042657673358917,0.2911297678947449,0.3371608853340149,0.3368062376976013,nan,-0.0012666137190535665,0.0007391176768578589,0.0002992444788105786,-0.00065566785633564,-0.0009235995239578187,0.0009117418085224926,0.0006278682849369943,0.00028588008717633784,0.00014488199667539448,-0.0025619131047278643,-0.0003999725740868598,0.0006701513193547726,-0.0008915360667742789,0.0009874168317764997,nan,0.17495955526828766,0.14708232879638672,0.21315984427928925,0.2483021467924118,0.2157609462738037,0.2613936960697174,0.2401992529630661,0.2600155174732208,0.2476339042186737,0.27696675062179565,0.2718926966190338,0.14970512688159943,0.11910039186477661,0.2721885144710541,nan,26.173662185668945,37.247276306152344,14.699349403381348,8.667929649353027,14.316179275512695,7.435901165008545,11.204934120178223,7.9733381271362305,6.911240100860596,4.0741658210754395,3.3721628189086914,0.3921527862548828,-0.42832472920417786,-0.09305685758590698,-3.000000238418579
46,-0.0008447450818493962,0.000632878509350121,0.0010739315766841173,-0.0013571801828220487,0.0017688119551166892,0.001332668005488813,0.0015839271945878863,0.006429453380405903,0.008482824079692364,-0.00017965219740290195,-0.0007240929990075529,0.15776130557060242,0.13427498936653137,0.14426036179065704,0.7059114575386047,0.195062056183815,0.1793610155582428,0.21710173785686493,0.23856160044670105,0.23639976978302002,0.25939497351646423,0.24693943560123444,0.291413813829422,0.2750900387763977,0.32360443472862244,0.35790640115737915,0.31074202060699463,0.31831371784210205,0.3206312358379364,0.012757845222949982,-0.001067725708708167,0.0006631753640249372,0.0009167527314275503,-0.0012518938165158033,0.0012941205641254783,0.001222171587869525,0.001516758813522756,0.0006962558254599571,0.0005259935860522091,-0.0003145679656881839,2.15790332731558e-05,0.0006183240911923349,-0.0008696967852301896,0.00032610242487862706,0.0,0.19448329508304596,0.1783827245235443,0.21661819517612457,0.23750676214694977,0.23509171605110168,0.25176313519477844,0.24350644648075104,0.2857738137245178,0.26630452275276184,0.3166721761226654,0.33562904596328735,0.13208448886871338,0.17812694609165192,0.23492079973220825,0.0,17.181320190429688,21.457149505615234,11.606303215026855,9.857003211975098,10.735759735107422,6.80672025680542,9.222452163696289,5.100900173187256,5.299614906311035,2.049015760421753,1.1686725616455078,-0.4136428236961365,-0.2444140911102295,-0.3467254340648651,-2.0069994926452637
47,-0.0009567936649546027,0.000845234259031713,0.0007555664633400738,-0.000566579750739038,0.0006543180206790566,0.0012146757217124104,0.0013668844476342201,0.0013219903921708465,0.004805489908903837,-0.0021225966047495604,-0.00021079830185044557,0.07786338031291962,0.08649707585573196,0.06272788345813751,-0.005828439723700285,0.1992138773202896,0.1802319586277008,0.19345322251319885,0.22924211621284485,0.23674017190933228,0.2547919750213623,0.2643220126628876,0.27388978004455566,0.27839475870132446,0.30080756545066833,0.3547212481498718,0.30360591411590576,0.34921351075172424,0.3308902084827423,0.5148528814315796,-0.0010635749204084277,0.0008754046284593642,0.0006719789234921336,-0.0008837674977257848,0.0006513408734463155,0.0011675618588924408,0.0013719251146540046,0.0007844758220016956,0.0004277302068658173,-0.0024430323392152786,0.0007596840150654316,0.0005142143345437944,-0.0008799255010671914,0.0006186102400533855,-0.0072401827201247215,0.19880306720733643,0.17902876436710358,0.19316254556179047,0.22958829998970032,0.2356286644935608,0.25099241733551025,0.2622934877872467,0.26515278220176697,0.26863574981689453,0.28523942828178406,0.32958927750587463,0.13557785749435425,0.1662560999393463,0.29739513993263245,0.5555397868156433,17.472150802612305,21.529714584350586,17.519094467163086,12.60631275177002,10.983595848083496,8.24258041381836,8.055265426635742,7.266452789306641,5.881843566894531,3.385582685470581,1.5161457061767578,0.09466520696878433,-0.429339736700058,0.3081766664981842,-1.5092626810073853
48,-0.0012362347915768623,0.0008166011539287865,0.0009084049379453063,-0.0012559635797515512,0.001311520696617663,0.004562482237815857,0.0012211711145937443,-0.000462608557427302,0.012060880661010742,0.022061124444007874,0.020174361765384674,0.0011574517702683806,0.1294906735420227,0.12461771070957184,0.7057697176933289,0.22103309631347656,0.19034913182258606,0.20554551482200623,0.25207799673080444,0.23582814633846283,0.2826504111289978,0.2790805399417877,0.26008185744285583,0.3015298545360565,0.30759644508361816,0.30622798204421997,0.2908787131309509,0.31877267360687256,0.34466415643692017,0.013359357602894306,-0.0015201809583231807,0.0008003194816410542,0.0007667746394872665,-0.0011647326173260808,0.0012560818577185273,0.0019917297177016735,0.0013441152404993773,-0.0008142798324115574,0.0014932724880054593,-0.002514770021662116,0.0012051566736772656,0.0004369732632767409,-0.0007396125001832843,0.0006269647856242955,0.0,0.22066369652748108,0.18943049013614655,0.20467303693294525,0.252079039812088,0.23345407843589783,0.28148356080055237,0.27689483761787415,0.25070616602897644,0.29016387462615967,0.29744672775268555,0.28140631318092346,0.15217746794223785,0.19013096392154694,0.33204901218414307,0.0,12.637589454650879,18.41183090209961,14.249702453613281,8.107276916503906,10.040586471557617,6.136326313018799,6.4362473487854,8.342434883117676,4.270103454589844,2.5083231925964355,3.200762987136841,0.02988189458847046,-0.21252679824829102,-0.22354084253311157,-2.0078237056732178
49,-0.0014058125670999289,0.0005939024267718196,0.001782631385140121,-0.0012759988894686103,0.0005326890386641026,0.002628181129693985,0.0014603242743760347,0.0022451819386333227,0.0009905872866511345,0.008876806125044823,0.011820427142083645,-0.0012318493099883199,0.06915473937988281,-0.0009608888067305088,0.7897846698760986,0.20826207101345062,0.18184876441955566,0.18046526610851288,0.24847617745399475,0.21925823390483856,0.2677585482597351,0.2729615867137909,0.2615809142589569,0.29088473320007324,0.3082805871963501,0.3180999457836151,0.2812170088291168,0.2950105369091034,0.3761877715587616,0.14387288689613342,-0.0014889748999848962,0.0006255717016756535,0.0017191206570714712,-0.0012083424953743815,0.00026918179355561733,0.001377949258312583,0.001501598278991878,0.0002812205348163843,0.001119370455853641,-0.0026175961829721928,0.0014119005063548684,-0.0008618347346782684,-0.0003916198911610991,0.0008112526265904307,1.0523852324695326e-05,0.20788264274597168,0.1808238923549652,0.180220827460289,0.24966572225093842,0.21741542220115662,0.26477357745170593,0.27066394686698914,0.2558058798313141,0.28037208318710327,0.2959349453449249,0.29395726323127747,0.13788741827011108,0.1977434754371643,0.33773282170295715,0.0006577716558240354,15.224242210388184,21.03044319152832,20.723318099975586,9.831704139709473,14.413862228393555,8.068501472473145,7.295185089111328,8.689007759094238,6.020639419555664,3.5359506607055664,3.7432844638824463,0.7110753655433655,1.0533674955368042,0.2334272712469101,-1.9380626678466797
50,-0.0011698746820911765,0.0007572331232950091,0.0015697787748649716,-0.0014160698046907783,0.0004278694686945528,0.0035188947804272175,0.0017461320385336876,0.004958232864737511,0.005999871529638767,0.020787537097930908,0.0008655678830109537,0.0011037405347451568,0.1368325799703598,0.0004562498943414539,0.7057211399078369,0.18070672452449799,0.19077059626579285,0.2149520218372345,0.2458428293466568,0.2552194595336914,0.2540006637573242,0.2985651195049286,0.28696587681770325,0.2747266888618469,0.3012267053127289,0.30701813101768494,0.2917581796646118,0.31761232018470764,0.34233662486076355,0.012905131094157696,-0.001290906104259193,0.0006880902801640332,0.0013300304999575019,-0.0022098650224506855,-0.0005778126651421189,0.0020879991352558136,0.0019034793367609382,0.00077938346657902,-0.00018454385281074792,-0.0012650031130760908,0.0008417601929977536,-0.0003677511413116008,-0.0003809993795584887,0.0002549094788264483,0.0,0.18034736812114716,0.18822646141052246,0.21360446512699127,0.2451818734407425,0.2519986927509308,0.25168630480766296,0.29555609822273254,0.28203561902046204,0.2656194269657135,0.290770024061203,0.28307509422302246,0.16732580959796906,0.17690370976924896,0.31118419766426086,0.0,22.041975021362305,19.186044692993164,12.859147071838379,8.647246360778809,9.318490982055664,7.893800258636475,5.120778560638428,5.717177391052246,5.744625568389893,2.8860318660736084,3.020331621170044,-0.06184330955147743,-0.296833872795105,-0.6706143021583557,-2.008277416229248
